player_id,player_name,transfer_date,from_club_id,from_club_name,to_club_id,to_club_name,transfer_fee,kind,source
357119,Ibrahima Konaté,2026-07-02,31.0,Liverpool,418,Real Madrid,0.0,free,https://www.realmadrid.com/en-US/news/club/announcements/comunicado-oficial-konate-18-06-2026
241641,Bernardo Silva,2026-07-02,281.0,Man City,418,Real Madrid,0.0,free,https://www.caughtoffside.com/2026/06/17/bernardo-silva-transfer-confirmed-by-real-madrid/
186590,John Stones,2026-07-30,281.0,Man City,46,Inter,0.0,free,https://www.flashscore.com/news/john-stones-completes-free-transfer-to-inter-milan-after-man-city-exit/lzKl8VuJ/
148455,Mohamed Salah,2026-08-06,31.0,Liverpool,449,Trabzonspor,0.0,free,https://www.thescore.com/epl/news/3574990
38253,Robert Lewandowski,2026-07-15,131.0,Barcelona,432,Chicago,0.0,"free, date approximate",https://www.nbcchicago.com/news/sports/soccer/chicago-fire-make-robert-lewandowski-signing-official-monday/3954970/
153084,Leon Goretzka,2026-08-31,27.0,Bayern Munich,405,Aston Villa,0.0,"free, date approximate",https://rotowire.com/soccer/headlines/leon-goretzka-injury-joins-villas-training-camp-trip-536397
575998,Leonardo Balerdi,2026-08-30,244.0,Marseille,12,Roma,,"loan (fee EUR 1m, option to buy EUR 16m)",https://www.sofascore.com/news/leonardo-balerdi-joins-roma-on-loan-from-marseille-for-e1m-plus-bonuses
284857,Marc Cucurella,2026-07-15,631.0,Chelsea,418,Real Madrid,55000000.0,"permanent, date approximate",https://www.thescore.com/epl/news/3553747
648195,Enzo Fernández,2026-08-31,631.0,Chelsea,281,Man City,144400000.0,"permanent, date approximate",https://www.thenationalnews.com/sport/football/2026/09/23/top-20-most-expensive-summer-transfers-of-2026-including-fernandez-anderson-and-barcola/ ; https://www.football365.com/news/summer-transfer-window-2026-most-expensive-players-biggest-deals
708265,Bradley Barcola,2026-08-31,583.0,Paris SG,31,Liverpool,122400000.0,"permanent, date approximate, fee differs between sources",https://www.thenationalnews.com/sport/football/2026/09/23/top-20-most-expensive-summer-transfers-of-2026-including-fernandez-anderson-and-barcola/ ; https://www.football365.com/news/summer-transfer-window-2026-most-expensive-players-biggest-deals
503743,Morgan Rogers,2026-08-31,405.0,Aston Villa,631,Chelsea,135100000.0,"permanent, date approximate",https://www.thenationalnews.com/sport/football/2026/09/23/top-20-most-expensive-summer-transfers-of-2026-including-fernandez-anderson-and-barcola/ ; https://www.football365.com/news/summer-transfer-window-2026-most-expensive-players-biggest-deals
567576,Elliot Anderson,2026-08-31,703.0,Nott'm Forest,281,Man City,134000000.0,"permanent, date approximate",https://www.thenationalnews.com/sport/football/2026/09/23/top-20-most-expensive-summer-transfers-of-2026-including-fernandez-anderson-and-barcola/ ; https://www.football365.com/news/summer-transfer-window-2026-most-expensive-players-biggest-deals
1390649,Yan Diomande,2026-08-31,23826.0,Leipzig,418,Real Madrid,125000000.0,"permanent, date approximate",https://www.thenationalnews.com/sport/football/2026/09/23/top-20-most-expensive-summer-transfers-of-2026-including-fernandez-anderson-and-barcola/ ; https://www.football365.com/news/summer-transfer-window-2026-most-expensive-players-biggest-deals
397033,Sandro Tonali,2026-08-31,762.0,Newcastle,148,Tottenham,106800000.0,"permanent, date approximate",https://www.thenationalnews.com/sport/football/2026/09/23/top-20-most-expensive-summer-transfers-of-2026-including-fernandez-anderson-and-barcola/ ; https://www.football365.com/news/summer-transfer-window-2026-most-expensive-players-biggest-deals
880245,Mateus Fernandes,2026-08-31,379.0,West Ham,148,Tottenham,98200000.0,"permanent, date approximate",https://www.thenationalnews.com/sport/football/2026/09/23/top-20-most-expensive-summer-transfers-of-2026-including-fernandez-anderson-and-barcola/ ; https://www.football365.com/news/summer-transfer-window-2026-most-expensive-players-biggest-deals
743591,Savinho,2026-08-31,281.0,Man City,148,Tottenham,86600000.0,"permanent, date approximate",https://www.thenationalnews.com/sport/football/2026/09/23/top-20-most-expensive-summer-transfers-of-2026-including-fernandez-anderson-and-barcola/ ; https://www.football365.com/news/summer-transfer-window-2026-most-expensive-players-biggest-deals
1097139,Ayyoub Bouaddi,2026-08-31,1082.0,Lille,281,Man City,93600000.0,"permanent, date approximate",https://www.thenationalnews.com/sport/football/2026/09/23/top-20-most-expensive-summer-transfers-of-2026-including-fernandez-anderson-and-barcola/ ; https://www.football365.com/news/summer-transfer-window-2026-most-expensive-players-biggest-deals
520624,Bruno Guimarães,2026-08-31,762.0,Newcastle,11,Arsenal,86600000.0,"permanent, date approximate",https://www.thenationalnews.com/sport/football/2026/09/23/top-20-most-expensive-summer-transfers-of-2026-including-fernandez-anderson-and-barcola/ ; https://www.football365.com/news/summer-transfer-window-2026-most-expensive-players-biggest-deals
973085,Carlos Baleba,2026-08-31,1237.0,Brighton,985,Man Utd,75100000.0,"permanent, date approximate",https://www.thenationalnews.com/sport/football/2026/09/23/top-20-most-expensive-summer-transfers-of-2026-including-fernandez-anderson-and-barcola/ ; https://www.football365.com/news/summer-transfer-window-2026-most-expensive-players-biggest-deals
550550,Gonçalo Ramos,2026-08-31,583.0,Paris SG,5,AC Milan,74000000.0,"permanent, date approximate",https://www.thenationalnews.com/sport/football/2026/09/23/top-20-most-expensive-summer-transfers-of-2026-including-fernandez-anderson-and-barcola/ ; https://www.football365.com/news/summer-transfer-window-2026-most-expensive-players-biggest-deals
655488,Gabriel Martinelli,2026-08-31,11.0,Arsenal,1114,Al-Hilal,70000000.0,"permanent, date approximate",https://www.thenationalnews.com/sport/football/2026/09/23/top-20-most-expensive-summer-transfers-of-2026-including-fernandez-anderson-and-barcola/ ; https://www.football365.com/news/summer-transfer-window-2026-most-expensive-players-biggest-deals
623570,Iliman Ndiaye,2026-08-31,29.0,Everton,281,Man City,69300000.0,"permanent, date approximate",https://www.thenationalnews.com/sport/football/2026/09/23/top-20-most-expensive-summer-transfers-of-2026-including-fernandez-anderson-and-barcola/ ; https://www.football365.com/news/summer-transfer-window-2026-most-expensive-players-biggest-deals
474701,Crysencio Summerville,2026-08-31,379.0,West Ham,1114,Al-Hilal,63500000.0,"permanent, date approximate",https://www.thenationalnews.com/sport/football/2026/09/23/top-20-most-expensive-summer-transfers-of-2026-including-fernandez-anderson-and-barcola/ ; https://www.football365.com/news/summer-transfer-window-2026-most-expensive-players-biggest-deals
460939,Tijjani Reijnders,2026-08-31,281.0,Man City,26069,Al-Qadsiah,61000000.0,"permanent, date approximate",https://www.thenationalnews.com/sport/football/2026/09/23/top-20-most-expensive-summer-transfers-of-2026-including-fernandez-anderson-and-barcola/ ; https://www.football365.com/news/summer-transfer-window-2026-most-expensive-players-biggest-deals
