,All,Goalkeeper,Defender,Midfield,Attack
position,0.0026267530781042617,0.002866572467546773,0.001960762977667137,0.0017271745531055012,0.003703469926768568
sub_position,0.024382143290568665,0.01039916475851567,0.017983052845841164,0.021628285588891665,0.033402283838426125
foot,0.0014421178447151751,0.0012798001953200004,0.0015874902810643387,0.0013899336850532195,0.0013976189487693203
citizenship,0.059756662520716285,0.06288410565056625,0.060865390963662724,0.05964282375148171,0.058483724219444234
sell_league,0.010359662565032438,0.011090069303938311,0.011044478698984232,0.011265201934207067,0.009101045240946341
sell_country,0.08126573513914243,0.08774035220428952,0.08151437288353391,0.08160394115159379,0.07975399360862978
window,0.023902317147816047,0.02260806365323665,0.02409204678292982,0.025468265430824623,0.02289640040124642
age,0.10389311817852927,0.10999238680958408,0.10497666994351092,0.10442980240711616,0.10168711179042307
height_in_cm,0.030191812070090265,0.04373598280971582,0.03198975119568813,0.02731478005589882,0.028560105686236435
n_prev_transfers,0.005105414872988997,0.005422428633398143,0.004867983473782221,0.004994673858704463,0.005304919063512443
tenure_days,0.03222181628690177,0.0314306289589631,0.034264967537440634,0.03083130986872812,0.031799464976819125
log_prev_fee_paid,0.02564682229448678,0.02050219620038059,0.024236068763844428,0.025462403766811883,0.027691042561332403
log_max_prev_fee,0.03144160390596073,0.027995795287280405,0.029969795735013967,0.03158584488503456,0.033017005945502366
log_seller_paid_fee,0.02106054190741473,0.017966596083260563,0.020219873333317366,0.02130771396993647,0.02203641747369112
has_appearances,7.726097814315687e-05,5.883167010901977e-05,7.429931198038153e-05,8.002716927577265e-05,8.065866173242881e-05
min_365,0.0019630602301787437,0.0020035505812883033,0.0021246147734574187,0.001986858958414544,0.0018197306239241295
games_365,0.0028469284766509274,0.0028899133702385807,0.0028488814400394282,0.002948490741269696,0.002767952256104986
goals_365,0.0024310785718862755,0.0019492850477694347,0.001986194363744736,0.0023891343134492806,0.0028719638305831846
assists_365,0.0004903383217885305,0.0003307535578967337,0.0004606965375570713,0.0005071081712869739,0.0005276986541834928
ga_p90_365,0.009456660082858113,0.006910212386028865,0.006402663809712133,0.008355449159519258,0.01291743776173457
min_league_365,0.0024781123566291912,0.0028977245993826147,0.002615704724345267,0.00247903598331745,0.0023044107490642865
min_uefa_365,0.0007123895097576763,0.00079390207074159,0.0007076480433878477,0.0007178141759395668,0.0006983984215765699
min_seller_365,0.027699388707626026,0.02813639738303705,0.029240440181351714,0.02838000263041207,0.026009774968579563
min_365_730,0.0022454991199934607,0.0020429415016191164,0.002156055804491246,0.002287849935516332,0.002316845103432233
min_trend,0.01086583713614475,0.009331181940635905,0.010484402464007921,0.011557263025543867,0.010929918604261363
career_min,0.01689311814947744,0.017807078744394807,0.017803598181167994,0.017495226054331396,0.01564579272279099
career_games,0.00599302793287108,0.006118580766459221,0.00618914163028008,0.006077839438756252,0.005767449003833862
career_goals,0.0019489150345894566,0.0013924016143767185,0.0019057679648273105,0.0019613325612694173,0.002066328274620716
goals_p90_365,0.004566959897126642,0.004612854230894048,0.004169871337767927,0.004421742697275427,0.004954705308462824
assists_p90_365,0.004287293018841525,0.005034980043184681,0.004087711243141509,0.004062796834034464,0.004464676855594615
conceded_p90_365,0.006340051601596182,0.00580413559990238,0.006758682025499895,0.006231460622466223,0.006194629157090986
clean_sheet_rate_365,0.0034732533128294996,0.003275221080659608,0.0035919552064062163,0.0033579997447352027,0.0034982350677835207
team_scored_p90_365,0.003972026235163591,0.003837972804132191,0.0038641844887619425,0.004067753841845461,0.004008546674908387
team_gd_p90_365,0.006338449668836814,0.005744135017081184,0.0064828062675658885,0.00649367703828571,0.0062241298043210335
points_per_game_365,0.007259248488482278,0.007021791991058645,0.007053579933510599,0.0075499757381429795,0.007250990252595677
cards_p90_365,0.00478235133636021,0.003684058956291937,0.004985432183941451,0.005431634672078225,0.004367654480716342
min_per_game_365,0.012914719822165004,0.01751176344478451,0.012405346847298453,0.013054281586659817,0.012420550444516279
full_game_share_365,0.007488891241550925,0.010204115843583595,0.006934001259067818,0.007447779909855851,0.007471223373765667
career_assists,0.0007209475638950576,0.0006066545421167045,0.0006588486206818264,0.0007278027382597471,0.0007816360249594283
sell_ppg,0.01536468294687682,0.015602425044582112,0.01599392630987716,0.015874000824880174,0.014504660447233472
log_sell_income_3y,0.0400013618342202,0.03711408723196985,0.0420416172612843,0.04039713543865225,0.038699125886440984
sell_n_3y,0.004340954002579309,0.0038431075560396155,0.004067241957471315,0.004930021142751111,0.004220792273971156
sell_youth_team,0.0023402368691490968,0.0020869777530860044,0.002363003229246876,0.002356369339062793,0.0023549147898204157
log_mv_pre,0.1175621319865063,0.11042771781252542,0.11796070918472869,0.11506339930343269,0.1201992250347453
mv_chg_6m,0.023376001008603296,0.022714713766373268,0.023663053363942973,0.02352494222618683,0.02317131933969054
mv_chg_12m,0.014301639504189802,0.015686512276518436,0.014682215800257997,0.015034387051733062,0.013278126683503397
mv_vs_peak,0.013363874822986312,0.013954915624558695,0.0131852788574984,0.013967202365795168,0.012979358118277322
mv_pre_age_days,0.013498022131406892,0.016427923788829072,0.014416023523479798,0.012888952390817865,0.012742773833500939
n_valuations,0.06412640864567348,0.06252774238192788,0.06556815981794821,0.06450199790551599,0.06306526462494273
years_tracked,0.01842414138722372,0.02553184046412988,0.018166907715413447,0.018345300528410633,0.017469913053562745
log_sell_squad_value,0.005107496442098279,0.006515729461108416,0.005122716683105174,0.005410533945169647,0.004648791620766368
log_sell_league_avg_squad_value,0.00665723525785266,0.007333361783365561,0.006977379409705637,0.007229833191750263,0.00590907251637568
mkt_log_ratio_1y,0.04265956446179348,0.03864095845939006,0.04274122179746078,0.044322257773584006,0.04212691846659135
sell_club_log_ratio_3y,0.01733392080093012,0.01567740479193237,0.017485311028304275,0.01743117392292837,0.017433802547692768
