,gain_share
log_mv_pre,0.14426273338708429
n_valuations,0.12125220855963534
age,0.11796194517654898
sell_country,0.08377361395877021
citizenship,0.051511152791676895
years_tracked,0.04891154217385387
log_sell_income_3y,0.048025081987910445
tenure_days,0.0359445326662847
sell_club_log_ratio_3y,0.03467119843001723
mv_chg_12m,0.02620913443943953
mv_pre_age_days,0.0222277639611103
mkt_log_ratio_1y,0.021731387996036546
mv_chg_6m,0.018426274891494822
sub_position,0.018265266596076475
height_in_cm,0.016095131378210146
log_prev_fee_paid,0.015591223796720023
log_max_prev_fee,0.014734206793920549
mv_vs_peak,0.013275081825493827
log_seller_paid_fee,0.010348252300387308
sell_ppg,0.009781385575538867
min_seller_365,0.009516972882747308
min_trend,0.009192508067012122
log_sell_squad_value,0.008659265149132811
min_per_game_365,0.008001675114087442
career_min,0.00729706495891565
log_sell_league_avg_squad_value,0.006654166023552893
team_gd_p90_365,0.006174809278531563
full_game_share_365,0.005931217366000441
window,0.005477384511324533
n_prev_transfers,0.004931518268440991
conceded_p90_365,0.004652790102057046
points_per_game_365,0.0045726673886293395
clean_sheet_rate_365,0.004086617990766668
ga_p90_365,0.0038987574011584095
assists_p90_365,0.0036485867295817927
sell_league,0.0035667876303816745
team_scored_p90_365,0.0035461830837498812
cards_p90_365,0.003419376839941581
career_games,0.003257125074408883
sell_n_3y,0.0028296946290981505
goals_p90_365,0.002473285348808828
min_365_730,0.0024233767926962616
min_league_365,0.0022560648983464835
position,0.0017142368534454823
min_365,0.0015730845976593306
career_goals,0.0013725192741034428
games_365,0.0012435662186115358
sell_youth_team,0.0012137005693309008
goals_365,0.001143212532444416
foot,0.0008315945382881178
career_assists,0.0006288348298923867
assists_365,0.0004625611629426706
min_uefa_365,0.0002840334850737782
has_appearances,6.564172262684328e-05
