source,price_band,n,mean,var,sd,se,rmse,skew,kurt,r_mean,r_var,r_sd,r_se,in50,in25,below50,above50,med_ape,ratio_p2.5,ratio_p10,ratio_p16,ratio_p25,ratio_p50,ratio_p75,ratio_p84,ratio_p90,ratio_p97.5
Transfermarkt,all,5252,-0.1331283205787265,0.8698983730972839,0.9326834259797286,0.012869803043126416,0.9420487731572221,0.24921774392020662,1.836296339698558,1.502016235802864,12.719417424225089,3.5664292260221693,0.04921202674738288,0.5209444021325209,0.27875095201827876,0.25133282559025133,0.22772277227722773,0.4666666666666668,0.1262750000000001,0.2857142857142857,0.3868800000000003,0.49999999999999994,0.88,1.4285714285714275,1.8750000000000004,2.500000000000002,6.556388888888848
Transfermarkt,under 1m,2216,-0.010482640313122536,1.2033140848370296,1.0969567379058436,0.023302612967988027,1.0967592984852363,0.5310576261993456,0.7923154306757616,2.1163319278673614,28.282213419607128,5.318102426581039,0.11297226069946703,0.43095667870036103,0.22292418772563177,0.26895306859205775,0.3000902527075812,0.5625000000000001,0.13046875000000008,0.2666666666666666,0.36418181818181816,0.49999999999999994,0.9166666666666672,1.8000000000000025,2.83142857142857,4.000000000000001,11.666666666666666
Transfermarkt,1m to 5m,1767,-0.2778358886448905,0.7271061627229619,0.8527052027066341,0.02028526278092284,0.8965977090401062,-0.2968750742971776,0.654114913082982,1.0731291526918592,1.291509355392415,1.13644593157458,0.02703525706788989,0.5149971703452179,0.2654216185625354,0.2942840973401245,0.1907187323146576,0.47222222222222177,0.11666666666666661,0.24999999999999994,0.3333333333333329,0.4666666666666665,0.8000000000000007,1.3311111111111107,1.6666666666666663,2.0,3.6949999999999967
Transfermarkt,5m to 20m,1043,-0.15788086017378244,0.46628097899848187,0.6828476982449907,0.021143734443814968,0.7005428520094005,-1.3397572208776916,5.0399155658232235,1.032114282553521,0.3713536212587872,0.6093879070500063,0.018869121347341457,0.6471716203259827,0.35282837967401726,0.18120805369127516,0.1716203259827421,0.36363636363636476,0.18058333333333337,0.38461538461538464,0.4737647058823526,0.6000000000000006,0.9230769230769248,1.333333333333332,1.5551555555555563,1.797142857142855,2.649642857142855
Transfermarkt,over 20m,226,-0.09006485110095293,0.2718612820030072,0.5214031856471604,0.034683223993192715,0.527986773868704,-3.591744135985432,23.078078786203037,1.0003686228881916,0.12584403147325143,0.3547450231832033,0.023597287930379927,0.8672566371681416,0.588495575221239,0.06637168141592921,0.06637168141592921,0.2000000000000004,0.31806818181818164,0.5906428571428564,0.6545454545454554,0.7937499999999992,1.0,1.1999999999999993,1.333333333333332,1.4370129870129869,1.7187499999999987
Website model,all,5252,0.007469305498204836,0.5751695568040556,0.7583993386099803,0.010464912149259018,0.7583639185393708,-0.2631730817635605,1.517259238006945,1.3455494365381615,2.159018719930885,1.469359969487016,0.02027523260305383,0.555026656511805,0.30217060167555215,0.1607006854531607,0.28427265803503426,0.4394668137473189,0.19661621329291126,0.388480582495199,0.4980218112435379,0.652835265580141,1.059728232749773,1.5992045669156583,1.9707208773768838,2.3901164674626183,4.178376886211194
Website model,under 1m,2293,-0.010832554391282988,0.718341387102348,0.8475502268906239,0.01769959859080915,0.8474346320199053,0.07955003090368601,0.5388722936221253,1.4507799438795053,3.643225648580009,1.9087235652603047,0.03986034084359377,0.49978194505015267,0.25076319232446576,0.19973833406018315,0.3004797208896642,0.5011095121547093,0.18035734588973104,0.33032289579820356,0.4362083441610442,0.5808733576033981,1.0164456466860239,1.6543323576401452,2.142971424471012,2.7350231343766507,5.593031364968969
Website model,1m to 5m,1903,0.029897884246868674,0.5534649202088989,0.7439522297895873,0.01705397632107846,0.7443574179001498,-0.4844701968070226,1.2252217678502388,1.3335936453777935,1.3736905394037842,1.1720454510827574,0.02686736401831379,0.5323173935890699,0.2911192853389385,0.15712033631108777,0.31056227009984233,0.4615286769648398,0.1984098643447539,0.4065970801835912,0.5067275707264776,0.6696548782553897,1.0964004965230914,1.6623172038543572,2.050709647857319,2.434805020039915,3.928887381856314
Website model,5m to 20m,823,0.01697144237687969,0.3303022532427736,0.5747192821219536,0.02003345480320592,0.5746206955790691,-1.5045348394358304,6.963600935756514,1.1651316141243067,0.32802498136962516,0.5727346517975188,0.01996427493897927,0.6634264884568651,0.39246658566221143,0.09477521263669501,0.24179829890643986,0.33660185404946463,0.28470006963262107,0.5150701522395009,0.6258396746782897,0.7741599413929939,1.0852871043503183,1.478244229130064,1.701931169871899,1.9201959802398707,2.410561819231135
Website model,over 20m,233,-0.029164511168151802,0.20459397971229243,0.4523206602757522,0.02963251170316423,0.45229024163045073,-3.8150126151339703,31.42254918624019,1.04487211933251,0.13284818790797637,0.3644834535448439,0.023878104962512352,0.9012875536480687,0.5793991416309013,0.03862660944206009,0.060085836909871244,0.2114030124061097,0.45865328697884744,0.6280829851530803,0.7311164590935701,0.814708988355934,1.0353443937106592,1.2324196598248214,1.3235238522851223,1.4339781056194025,2.0696448033462667
Full model,all,5252,-0.010445143785191676,0.4524133944861497,0.6726168259017534,0.00928122643945917,0.6726338932514645,-0.48389676002177967,1.782327204781895,1.226556977495567,0.9313562837854863,0.9650680202894956,0.013316667797864013,0.6071972581873571,0.3353008377760853,0.13670982482863672,0.2560929169840061,0.3917573368209568,0.21914149976589503,0.42691957892363097,0.5472531689158411,0.6845752224052893,1.0389496520361767,1.5162707899793277,1.8100457865729656,2.0956746860329485,3.26149870384452
Full model,under 1m,2219,-0.04455253177084587,0.5572484154957568,0.7464907336971818,0.015846953005434435,0.7476511336602069,-0.11666846292391589,0.5671395193000506,1.264727003102699,1.467698258925477,1.2114859714109267,0.0257181507941932,0.5511491662911221,0.28886885984677785,0.17890941865705273,0.2699414150518252,0.44669221230187006,0.20841983044854617,0.3550550695279741,0.4674067272013748,0.6075388387639775,0.985643692228492,1.5649906634142734,1.9260921470761567,2.3427474132695254,3.9017586302015608
Full model,1m to 5m,1967,0.01618734399113818,0.43425995906335263,0.6589840355147859,0.014858422849332774,0.6590153385462819,-0.620268676911337,1.3865395284512099,1.2374613870930884,0.6871911660667316,0.8289699428005406,0.018691175014423047,0.5988815455007626,0.3146924250127097,0.1265887137773259,0.27452974072191155,0.4070543681078149,0.21491831268944764,0.44428091592234453,0.5669227869826081,0.7081905271005906,1.070703762602762,1.5817287622681304,1.83498734449066,2.111860253394634,3.12756993930737
Full model,5m to 20m,817,0.023173727763619426,0.3066777485391287,0.5537849298591726,0.019374482218820807,0.5539308617836197,-1.98408174682954,11.050104032207527,1.1560036944951582,0.28947938356942715,0.5380328833532642,0.01882338787066588,0.6988984088127295,0.4320685434516524,0.0795593635250918,0.2215422276621787,0.30404487254246726,0.33225464761773565,0.5645540740852076,0.6771250997913998,0.7941564629352137,1.0980383080185616,1.4465833671065955,1.6422148024203993,1.7994908515238466,2.3384707160330107
Full model,over 20m,249,-0.02718581676211063,0.12367694244290653,0.3516773271664048,0.02228664505849815,0.3520217557594503,-0.6132982054093779,2.566383321315011,1.0317528478199978,0.12492414452676516,0.3534460984743857,0.02239873638564809,0.8714859437751004,0.5943775100401606,0.028112449799196786,0.10040160642570281,0.18921790122636284,0.4821547669552919,0.6559446273414026,0.7227045511371597,0.814016948916468,0.9594575539507714,1.1989216354149412,1.344939754928112,1.481864473742999,1.904997739908631
